prev_lag,prev_wave,curr_wave,n_prev,n_curr,n_matched,overlap_rate
3,2021-01,2021-04,8411,8593,3249,0.38627987159671856
3,2021-02,2021-05,8371,8640,3355,0.4007884362680683
3,2021-03,2021-06,8417,8659,3308,0.3930141380539385
3,2021-04,2021-07,8593,8472,3283,0.3820551611777028
3,2021-05,2021-08,8640,8567,3255,0.3767361111111111
3,2021-06,2021-09,8659,8628,3232,0.3732532625014436
3,2021-07,2021-10,8472,8732,3094,0.36520302171860247
9,2021-01,2021-10,8411,8732,1619,0.1924860301985495
3,2021-08,2021-11,8567,8731,3212,0.3749270456402475
9,2021-02,2021-11,8371,8731,1594,0.1904193047425636
3,2021-09,2021-12,8628,8687,3234,0.3748261474269819
9,2021-03,2021-12,8417,8687,1613,0.1916359748128787
3,2021-10,2022-01,8732,8788,3568,0.4086120018323408
9,2021-04,2022-01,8593,8788,1882,0.2190154777144187
3,2021-11,2022-02,8731,8759,3460,0.3962890848700034
9,2021-05,2022-02,8640,8759,1899,0.21979166666666666
3,2021-12,2022-03,8687,8778,3463,0.398641648440198
9,2021-06,2022-03,8659,8778,1915,0.2211571775031759
3,2022-01,2022-04,8788,8751,3626,0.41260810195721437
9,2021-07,2022-04,8472,8751,1867,0.22037299338999056
3,2022-02,2022-05,8759,8796,3584,0.40917913003767553
9,2021-08,2022-05,8567,8796,1883,0.21979689506244893
3,2022-03,2022-06,8778,8783,3625,0.4129642287537024
9,2021-09,2022-06,8628,8783,1943,0.22519703291608717
3,2022-04,2022-07,8751,8884,3615,0.4130956462118615
9,2021-10,2022-07,8732,8884,3778,0.43266147503435637
3,2022-05,2022-08,8796,8934,3630,0.41268758526603
9,2021-11,2022-08,8731,8934,3862,0.442331920742183
3,2022-06,2022-09,8783,8913,3662,0.41694181942388703
9,2021-12,2022-09,8687,8913,3869,0.44537815126050423
3,2022-07,2022-10,8884,8821,4004,0.45069788383610987
9,2022-01,2022-10,8788,8821,1967,0.22382794720072827
3,2022-08,2022-11,8934,8827,4075,0.4561226774121334
9,2022-02,2022-11,8759,8827,1972,0.2251398561479621
3,2022-09,2022-12,8913,8814,4073,0.4569729608437114
9,2022-03,2022-12,8778,8814,1973,0.22476646160856686
3,2022-10,2023-01,8821,8829,3731,0.42296791746967466
9,2022-04,2023-01,8751,8829,1975,0.22568849274368644
3,2022-11,2023-02,8827,8816,3687,0.4176957063555002
9,2022-05,2023-02,8796,8816,1964,0.22328331059572534
3,2022-12,2023-03,8814,8788,3668,0.41615611527115953
9,2022-06,2023-03,8783,8788,1957,0.22281680519184788
3,2023-01,2023-04,8829,8764,3740,0.4236040321667233
9,2022-07,2023-04,8884,8764,1941,0.2184826654660063
3,2023-02,2023-05,8816,8751,3720,0.4219600725952813
9,2022-08,2023-05,8934,8751,1978,0.22140138795612269
3,2023-03,2023-06,8788,8743,3674,0.4180700955848885
9,2022-09,2023-06,8913,8743,1969,0.22091327274767195
3,2023-04,2023-07,8764,8575,3610,0.4119123687813784
9,2022-10,2023-07,8821,8575,0,0
3,2023-05,2023-08,8751,8642,3639,0.41583818992115185
9,2022-11,2023-08,8827,8642,0,0
3,2023-06,2023-09,8743,8635,3621,0.41415989934804986
9,2022-12,2023-09,8814,8635,0,0
3,2023-07,2023-10,8575,8741,3202,0.37341107871720114
9,2023-01,2023-10,8829,8741,2008,0.2274323252916525
3,2023-08,2023-11,8642,8732,3275,0.37896320296227726
9,2023-02,2023-11,8816,8732,1992,0.22595281306715065
3,2023-09,2023-12,8635,8697,3262,0.3777649102489867
9,2023-03,2023-12,8788,8697,1938,0.22052799271734183
3,2023-10,2024-01,8741,8755,3680,0.4210044617320673
9,2023-04,2024-01,8764,8755,1980,0.22592423550890003
3,2023-11,2024-02,8732,8756,3662,0.41937700412276685
9,2023-05,2024-02,8751,8756,2006,0.22923094503485317
3,2023-12,2024-03,8697,8752,3592,0.413015982522709
9,2023-06,2024-03,8743,8752,1985,0.22703877387624385
3,2024-01,2024-04,8755,8752,3633,0.4149628783552256
9,2023-07,2024-04,8575,8752,1951,0.22752186588921283
3,2024-02,2024-05,8756,8688,3663,0.4183417085427136
9,2023-08,2024-05,8642,8688,1954,0.2261050682712335
3,2024-03,2024-06,8752,8748,3591,0.41030621572212067
9,2023-09,2024-06,8635,8748,1930,0.2235089751013318
3,2024-04,2024-07,8752,8901,3650,0.4170475319926874
9,2023-10,2024-07,8741,8901,3902,0.44640201349959957
3,2024-05,2024-08,8688,8864,3592,0.4134438305709024
9,2023-11,2024-08,8732,8864,3899,0.44651855245075583
3,2024-06,2024-09,8748,8870,3572,0.40832190214906267
9,2023-12,2024-09,8697,8870,3893,0.4476256180292055
3,2024-07,2024-10,8901,8767,4065,0.4566902595214021
9,2024-01,2024-10,8755,8767,1955,0.22330097087378642
3,2024-08,2024-11,8864,8731,4030,0.45464801444043323
9,2024-02,2024-11,8756,8731,1959,0.22373229785290086
3,2024-09,2024-12,8870,8677,4013,0.452423900789177
9,2024-03,2024-12,8752,8677,1950,0.22280621572212067
3,2024-10,2025-01,8767,8765,3644,0.4156495950724307
9,2024-04,2025-01,8752,8765,1989,0.22726234003656307
3,2024-11,2025-02,8731,8732,3625,0.4151872637727637
9,2024-05,2025-02,8688,8732,1966,0.2262891344383057
3,2024-12,2025-03,8677,8741,3563,0.4106257923245361
9,2024-06,2025-03,8748,8741,1929,0.22050754458161864
3,2025-01,2025-04,8765,8771,3682,0.42007986309184253
9,2024-07,2025-04,8901,8771,1982,0.22267160993146837
3,2025-02,2025-05,8732,8709,3649,0.4178882272102611
9,2024-08,2025-05,8864,8709,1901,0.2144629963898917
3,2025-03,2025-06,8741,8733,3598,0.4116233840521679
9,2024-09,2025-06,8870,8733,1934,0.21803833145434048
3,2025-04,2025-07,8771,8571,3645,0.41557405084939003
9,2024-10,2025-07,8767,8571,0,0
3,2025-05,2025-08,8709,8575,3589,0.4121024227810311
9,2024-11,2025-08,8731,8575,0,0
3,2025-06,2025-09,8733,8548,3617,0.41417611359212186
9,2024-12,2025-09,8677,8548,0,0
3,2025-07,2025-10,8571,8742,3185,0.3716019134290048
9,2025-01,2025-10,8765,8742,1978,0.22567027952082144
3,2025-08,2025-11,8575,8733,3218,0.3752769679300292
9,2025-02,2025-11,8732,8733,1939,0.22205680256527713
3,2025-09,2025-12,8548,8713,3152,0.3687412260177819
9,2025-03,2025-12,8741,8713,1964,0.22468825077222285
3,2025-10,2026-01,8742,8771,3649,0.41741020361473347
9,2025-04,2026-01,8771,8771,1932,0.2202713487629689
3,2025-11,2026-02,8733,8740,3645,0.4173823428375129
9,2025-05,2026-02,8709,8740,1941,0.2228728901136755
3,2025-12,2026-03,8713,8758,3609,0.41420865373579707
9,2025-06,2026-03,8733,8758,1948,0.22306194892934844
3,2026-01,2026-04,8771,8701,3559,0.4057690115152206
9,2025-07,2026-04,8571,8701,1899,0.22156107805390268
3,2026-02,2026-05,8740,8731,3593,0.4110983981693364
9,2025-08,2026-05,8575,8731,1972,0.22997084548104957
